"intercept_mean","e2_slope_mean","p4_slope_mean","mean_y","sd_y","accepted"
1,0.1,10,810.90507937678,469.162915018186,"no"
1,1,10,784.531895375459,441.685868554706,"no"
1,10,10,1433.82367690779,558.867671609519,"no"
10,0.1,10,850.096849313704,424.336804737553,"no"
10,1,10,786.532855178432,440.319604290372,"no"
10,10,10,1489.4427262954,681.380295160636,"no"
100,0.1,10,826.130252325811,475.866730629847,"no"
100,1,10,943.24481328048,474.930730261573,"no"
100,10,10,1424.16714957439,591.17427795564,"no"
