mean_f;errbar_f;mean_m;errbar_m
42.5812029;53.05564315;37.571688;32.78987832
